type,data-set,entityid,permission,role
RolePrivilege,0,default_data:1,abedit,adjuster
RolePrivilege,0,default_data:2,abview,adjuster
RolePrivilege,0,default_data:3,abviewsearch,adjuster
RolePrivilege,0,default_data:4,actcreate,adjuster
RolePrivilege,0,default_data:5,actcreateclsd,adjuster
RolePrivilege,0,default_data:6,actown,adjuster
RolePrivilege,0,default_data:7,actqueuenext,adjuster
RolePrivilege,0,default_data:8,actraown,adjuster
RolePrivilege,0,default_data:9,actraunown,adjuster
RolePrivilege,0,default_data:10,actview,adjuster
RolePrivilege,0,default_data:11,assocmanage,adjuster
RolePrivilege,0,default_data:12,assocview,adjuster
RolePrivilege,0,default_data:13,bulkinvcreate,adjuster
RolePrivilege,0,default_data:14,bulkinvdelete,adjuster
RolePrivilege,0,default_data:15,bulkinvedit,adjuster
RolePrivilege,0,default_data:16,bulkinvview,adjuster
RolePrivilege,0,default_data:17,checktransfer,adjuster
RolePrivilege,0,default_data:18,claimclose,adjuster
RolePrivilege,0,default_data:19,claimcreate,adjuster
RolePrivilege,0,default_data:20,claimedit,adjuster
RolePrivilege,0,default_data:21,claimintegadmin,adjuster
RolePrivilege,0,default_data:22,claimown,adjuster
RolePrivilege,0,default_data:23,claimprint,adjuster
RolePrivilege,0,default_data:24,claimprtsmanage,adjuster
RolePrivilege,0,default_data:25,claimraown,adjuster
RolePrivilege,0,default_data:26,claimraunown,adjuster
RolePrivilege,0,default_data:27,claimreopen,adjuster
RolePrivilege,0,default_data:28,claimselectplcy,adjuster
RolePrivilege,0,default_data:29,claimusermanage,adjuster
RolePrivilege,0,default_data:30,claimvalidate,adjuster
RolePrivilege,0,default_data:31,claimview,adjuster
RolePrivilege,0,default_data:32,claimviewpay,adjuster
RolePrivilege,0,default_data:33,claimviewrec,adjuster
RolePrivilege,0,default_data:34,claimviewrecres,adjuster
RolePrivilege,0,default_data:35,claimviewres,adjuster
RolePrivilege,0,default_data:36,ctccreate,adjuster
RolePrivilege,0,default_data:37,ctcedit,adjuster
RolePrivilege,0,default_data:38,ctcview,adjuster
RolePrivilege,0,default_data:39,doccreate,adjuster
RolePrivilege,0,default_data:40,doccreateclsd,adjuster
RolePrivilege,0,default_data:41,docedit,adjuster
RolePrivilege,0,default_data:42,docview,adjuster
RolePrivilege,0,default_data:43,editSensMCMdetails,adjuster
RolePrivilege,0,default_data:44,editsubrodetails,adjuster
RolePrivilege,0,default_data:45,evalcreate,adjuster
RolePrivilege,0,default_data:46,evaledit,adjuster
RolePrivilege,0,default_data:47,evalview,adjuster
RolePrivilege,0,default_data:48,expclose,adjuster
RolePrivilege,0,default_data:49,expcreate,adjuster
RolePrivilege,0,default_data:50,expedit,adjuster
RolePrivilege,0,default_data:51,expown,adjuster
RolePrivilege,0,default_data:52,expraown,adjuster
RolePrivilege,0,default_data:53,expraunown,adjuster
RolePrivilege,0,default_data:54,expreopen,adjuster
RolePrivilege,0,default_data:55,expvalidate,adjuster
RolePrivilege,0,default_data:56,expview,adjuster
RolePrivilege,0,default_data:57,lvprint,adjuster
RolePrivilege,0,default_data:58,manpaycreate,adjuster
RolePrivilege,0,default_data:59,manpaydelete,adjuster
RolePrivilege,0,default_data:60,manpayedit,adjuster
RolePrivilege,0,default_data:61,mttrclose,adjuster
RolePrivilege,0,default_data:62,mttrcreate,adjuster
RolePrivilege,0,default_data:63,mttredit,adjuster
RolePrivilege,0,default_data:64,mttrown,adjuster
RolePrivilege,0,default_data:65,mttrraown,adjuster
RolePrivilege,0,default_data:66,mttrraunown,adjuster
RolePrivilege,0,default_data:67,mttrreopen,adjuster
RolePrivilege,0,default_data:68,mttrview,adjuster
RolePrivilege,0,default_data:69,ngtncreate,adjuster
RolePrivilege,0,default_data:70,ngtnedit,adjuster
RolePrivilege,0,default_data:71,ngtnview,adjuster
RolePrivilege,0,default_data:72,notecreate,adjuster
RolePrivilege,0,default_data:73,notecreateclsd,adjuster
RolePrivilege,0,default_data:74,noteedit,adjuster
RolePrivilege,0,default_data:75,noteview,adjuster
RolePrivilege,0,default_data:76,noteviewconf,adjuster
RolePrivilege,0,default_data:77,paycreate,adjuster
RolePrivilege,0,default_data:78,paydelete,adjuster
RolePrivilege,0,default_data:79,payedit,adjuster
RolePrivilege,0,default_data:80,payrecode,adjuster
RolePrivilege,0,default_data:81,paystop,adjuster
RolePrivilege,0,default_data:82,payvoid,adjuster
RolePrivilege,0,default_data:83,plcyedit,adjuster
RolePrivilege,0,default_data:84,plcymakeeditable,adjuster
RolePrivilege,0,default_data:85,plcyview,adjuster
RolePrivilege,0,default_data:86,reccreate,adjuster
RolePrivilege,0,default_data:87,recdelete,adjuster
RolePrivilege,0,default_data:88,recedit,adjuster
RolePrivilege,0,default_data:89,recrescreate,adjuster
RolePrivilege,0,default_data:90,recresdelete,adjuster
RolePrivilege,0,default_data:91,recresedit,adjuster
RolePrivilege,0,default_data:92,recvoid,adjuster
RolePrivilege,0,default_data:93,rescreate,adjuster
RolePrivilege,0,default_data:94,resdelete,adjuster
RolePrivilege,0,default_data:95,resedit,adjuster
RolePrivilege,0,default_data:96,reviewcreate,adjuster
RolePrivilege,0,default_data:97,reviewdeleteincomplete,adjuster
RolePrivilege,0,default_data:98,reviewedit,adjuster
RolePrivilege,0,default_data:99,reviewviewdetail,adjuster
RolePrivilege,0,default_data:100,reviewviewlist,adjuster
RolePrivilege,0,default_data:101,sendemail,adjuster
RolePrivilege,0,default_data:102,usereditlang,adjuster
RolePrivilege,0,default_data:103,userviewall,adjuster
RolePrivilege,0,default_data:104,viewactcal,adjuster
RolePrivilege,0,default_data:105,viewassociations,adjuster
RolePrivilege,0,default_data:106,viewclaimbasics,adjuster
RolePrivilege,0,default_data:107,viewclaimevals,adjuster
RolePrivilege,0,default_data:108,viewclaimhistory,adjuster
RolePrivilege,0,default_data:109,viewclaimngtns,adjuster
RolePrivilege,0,default_data:110,viewclaimnotes,adjuster
RolePrivilege,0,default_data:111,viewclaimparties,adjuster
RolePrivilege,0,default_data:112,viewclaimsummary,adjuster
RolePrivilege,0,default_data:113,viewclaimsync,adjuster
RolePrivilege,0,default_data:114,viewdesktop,adjuster
RolePrivilege,0,default_data:115,viewdocs,adjuster
RolePrivilege,0,default_data:116,viewexposures,adjuster
RolePrivilege,0,default_data:117,viewfinsum,adjuster
RolePrivilege,0,default_data:118,viewmatters,adjuster
RolePrivilege,0,default_data:119,viewmednote,adjuster
RolePrivilege,0,default_data:120,viewpolicy,adjuster
RolePrivilege,0,default_data:121,viewsearch,adjuster
RolePrivilege,0,default_data:122,viewSensMCMdetails,adjuster
RolePrivilege,0,default_data:123,viewsnapshot,adjuster
RolePrivilege,0,default_data:124,viewsubrodetails,adjuster
RolePrivilege,0,default_data:125,viewvacation,adjuster
RolePrivilege,0,default_data:126,viewworkload,adjuster
RolePrivilege,0,default_data:127,viewworkplan,adjuster
RolePrivilege,0,default_data:128,catmanage,catastrophe_admin
RolePrivilege,0,default_data:129,catview,catastrophe_admin
RolePrivilege,0,default_data:130,usereditlang,catastrophe_admin
RolePrivilege,0,default_data:131,abcreate,claims_supervisor
RolePrivilege,0,default_data:132,abdelete,claims_supervisor
RolePrivilege,0,default_data:133,abedit,claims_supervisor
RolePrivilege,0,default_data:134,abview,claims_supervisor
RolePrivilege,0,default_data:135,abviewsearch,claims_supervisor
RolePrivilege,0,default_data:136,actcreate,claims_supervisor
RolePrivilege,0,default_data:137,actcreateclsd,claims_supervisor
RolePrivilege,0,default_data:138,acteditunowned,claims_supervisor
RolePrivilege,0,default_data:139,actmakemand,claims_supervisor
RolePrivilege,0,default_data:140,actown,claims_supervisor
RolePrivilege,0,default_data:141,actqueuenext,claims_supervisor
RolePrivilege,0,default_data:142,actqueuepick,claims_supervisor
RolePrivilege,0,default_data:143,actraown,claims_supervisor
RolePrivilege,0,default_data:144,actraunown,claims_supervisor
RolePrivilege,0,default_data:145,actreviewassign,claims_supervisor
RolePrivilege,0,default_data:146,actview,claims_supervisor
RolePrivilege,0,default_data:147,actviewallqueues,claims_supervisor
RolePrivilege,0,default_data:148,assocmanage,claims_supervisor
RolePrivilege,0,default_data:149,assocview,claims_supervisor
RolePrivilege,0,default_data:150,bulkinvcreate,claims_supervisor
RolePrivilege,0,default_data:151,bulkinvdelete,claims_supervisor
RolePrivilege,0,default_data:152,bulkinvedit,claims_supervisor
RolePrivilege,0,default_data:153,bulkinvview,claims_supervisor
RolePrivilege,0,default_data:154,checktransfer,claims_supervisor
RolePrivilege,0,default_data:155,claimclose,claims_supervisor
RolePrivilege,0,default_data:156,claimcreate,claims_supervisor
RolePrivilege,0,default_data:157,claimedit,claims_supervisor
RolePrivilege,0,default_data:158,claimeditclsd,claims_supervisor
RolePrivilege,0,default_data:159,claimintegadmin,claims_supervisor
RolePrivilege,0,default_data:160,claimown,claims_supervisor
RolePrivilege,0,default_data:161,claimprint,claims_supervisor
RolePrivilege,0,default_data:162,claimprtsmanage,claims_supervisor
RolePrivilege,0,default_data:163,claimprtsmanclsd,claims_supervisor
RolePrivilege,0,default_data:164,claimraown,claims_supervisor
RolePrivilege,0,default_data:165,claimraunown,claims_supervisor
RolePrivilege,0,default_data:166,claimremflag,claims_supervisor
RolePrivilege,0,default_data:167,claimreopen,claims_supervisor
RolePrivilege,0,default_data:168,claimselectplcy,claims_supervisor
RolePrivilege,0,default_data:169,claimslplcyclsd,claims_supervisor
RolePrivilege,0,default_data:170,claimusermanage,claims_supervisor
RolePrivilege,0,default_data:171,claimusermanclsd,claims_supervisor
RolePrivilege,0,default_data:172,claimvalidate,claims_supervisor
RolePrivilege,0,default_data:173,claimview,claims_supervisor
RolePrivilege,0,default_data:174,claimviewpay,claims_supervisor
RolePrivilege,0,default_data:175,claimviewrec,claims_supervisor
RolePrivilege,0,default_data:176,claimviewrecres,claims_supervisor
RolePrivilege,0,default_data:177,claimviewres,claims_supervisor
RolePrivilege,0,default_data:178,ctccreate,claims_supervisor
RolePrivilege,0,default_data:179,ctcedit,claims_supervisor
RolePrivilege,0,default_data:180,ctcview,claims_supervisor
RolePrivilege,0,default_data:181,delsensdoc,claims_supervisor
RolePrivilege,0,default_data:182,doccreate,claims_supervisor
RolePrivilege,0,default_data:183,doccreateclsd,claims_supervisor
RolePrivilege,0,default_data:184,docedit,claims_supervisor
RolePrivilege,0,default_data:185,docview,claims_supervisor
RolePrivilege,0,default_data:186,editmednote,claims_supervisor
RolePrivilege,0,default_data:187,editsensdoc,claims_supervisor
RolePrivilege,0,default_data:188,editSensMCMdetails,claims_supervisor
RolePrivilege,0,default_data:189,editSensSIUdetails,claims_supervisor
RolePrivilege,0,default_data:190,editsubrodetails,claims_supervisor
RolePrivilege,0,default_data:191,evalcreate,claims_supervisor
RolePrivilege,0,default_data:192,evaledit,claims_supervisor
RolePrivilege,0,default_data:193,evaleditclsd,claims_supervisor
RolePrivilege,0,default_data:194,evalview,claims_supervisor
RolePrivilege,0,default_data:195,expclose,claims_supervisor
RolePrivilege,0,default_data:196,expcreate,claims_supervisor
RolePrivilege,0,default_data:197,expedit,claims_supervisor
RolePrivilege,0,default_data:198,expeditclsd,claims_supervisor
RolePrivilege,0,default_data:199,expown,claims_supervisor
RolePrivilege,0,default_data:200,expraown,claims_supervisor
RolePrivilege,0,default_data:201,expraunown,claims_supervisor
RolePrivilege,0,default_data:202,expreopen,claims_supervisor
RolePrivilege,0,default_data:203,expvalidate,claims_supervisor
RolePrivilege,0,default_data:204,expview,claims_supervisor
RolePrivilege,0,default_data:205,lvprint,claims_supervisor
RolePrivilege,0,default_data:206,manpaycreate,claims_supervisor
RolePrivilege,0,default_data:207,manpaydelete,claims_supervisor
RolePrivilege,0,default_data:208,manpayedit,claims_supervisor
RolePrivilege,0,default_data:209,mttrclose,claims_supervisor
RolePrivilege,0,default_data:210,mttrcreate,claims_supervisor
RolePrivilege,0,default_data:211,mttredit,claims_supervisor
RolePrivilege,0,default_data:212,mttreditclsd,claims_supervisor
RolePrivilege,0,default_data:213,mttrown,claims_supervisor
RolePrivilege,0,default_data:214,mttrraown,claims_supervisor
RolePrivilege,0,default_data:215,mttrraunown,claims_supervisor
RolePrivilege,0,default_data:216,mttrreopen,claims_supervisor
RolePrivilege,0,default_data:217,mttrview,claims_supervisor
RolePrivilege,0,default_data:218,ngtncreate,claims_supervisor
RolePrivilege,0,default_data:219,ngtnedit,claims_supervisor
RolePrivilege,0,default_data:220,ngtneditclsd,claims_supervisor
RolePrivilege,0,default_data:221,ngtnview,claims_supervisor
RolePrivilege,0,default_data:222,notecreate,claims_supervisor
RolePrivilege,0,default_data:223,notecreateclsd,claims_supervisor
RolePrivilege,0,default_data:224,notedelete,claims_supervisor
RolePrivilege,0,default_data:225,noteedit,claims_supervisor
RolePrivilege,0,default_data:226,noteeditbody,claims_supervisor
RolePrivilege,0,default_data:227,noteview,claims_supervisor
RolePrivilege,0,default_data:228,noteviewconf,claims_supervisor
RolePrivilege,0,default_data:229,paycreate,claims_supervisor
RolePrivilege,0,default_data:230,paydelete,claims_supervisor
RolePrivilege,0,default_data:231,payedit,claims_supervisor
RolePrivilege,0,default_data:232,payrecode,claims_supervisor
RolePrivilege,0,default_data:233,paystop,claims_supervisor
RolePrivilege,0,default_data:234,payvoid,claims_supervisor
RolePrivilege,0,default_data:235,plcyedit,claims_supervisor
RolePrivilege,0,default_data:236,plcymakeeditable,claims_supervisor
RolePrivilege,0,default_data:237,plcyview,claims_supervisor
RolePrivilege,0,default_data:238,reccreate,claims_supervisor
RolePrivilege,0,default_data:239,recdelete,claims_supervisor
RolePrivilege,0,default_data:240,recedit,claims_supervisor
RolePrivilege,0,default_data:241,recrescreate,claims_supervisor
RolePrivilege,0,default_data:242,recresdelete,claims_supervisor
RolePrivilege,0,default_data:243,recresedit,claims_supervisor
RolePrivilege,0,default_data:244,recvoid,claims_supervisor
RolePrivilege,0,default_data:245,report_user,claims_supervisor
RolePrivilege,0,default_data:246,reporting_view,claims_supervisor
RolePrivilege,0,default_data:247,rescreate,claims_supervisor
RolePrivilege,0,default_data:248,resdelete,claims_supervisor
RolePrivilege,0,default_data:249,resedit,claims_supervisor
RolePrivilege,0,default_data:250,reviewcreate,claims_supervisor
RolePrivilege,0,default_data:251,reviewdeletecompleted,claims_supervisor
RolePrivilege,0,default_data:252,reviewdeleteincomplete,claims_supervisor
RolePrivilege,0,default_data:253,reviewedit,claims_supervisor
RolePrivilege,0,default_data:254,reviewviewdetail,claims_supervisor
RolePrivilege,0,default_data:255,reviewviewlist,claims_supervisor
RolePrivilege,0,default_data:256,sendemail,claims_supervisor
RolePrivilege,0,default_data:257,StorageUpdate,claims_supervisor
RolePrivilege,0,default_data:258,usereditlang,claims_supervisor
RolePrivilege,0,default_data:259,userviewall,claims_supervisor
RolePrivilege,0,default_data:260,viewactcal,claims_supervisor
RolePrivilege,0,default_data:261,viewassociations,claims_supervisor
RolePrivilege,0,default_data:262,viewclaimbasics,claims_supervisor
RolePrivilege,0,default_data:263,viewclaimevals,claims_supervisor
RolePrivilege,0,default_data:264,viewclaimhistory,claims_supervisor
RolePrivilege,0,default_data:265,viewclaimngtns,claims_supervisor
RolePrivilege,0,default_data:266,viewclaimnotes,claims_supervisor
RolePrivilege,0,default_data:267,viewclaimparties,claims_supervisor
RolePrivilege,0,default_data:268,viewclaimsummary,claims_supervisor
RolePrivilege,0,default_data:269,viewclaimsync,claims_supervisor
RolePrivilege,0,default_data:270,viewdesktop,claims_supervisor
RolePrivilege,0,default_data:271,viewdocs,claims_supervisor
RolePrivilege,0,default_data:272,viewexposures,claims_supervisor
RolePrivilege,0,default_data:273,viewfinsum,claims_supervisor
RolePrivilege,0,default_data:274,viewmatters,claims_supervisor
RolePrivilege,0,default_data:275,viewmednote,claims_supervisor
RolePrivilege,0,default_data:276,viewpolicy,claims_supervisor
RolePrivilege,0,default_data:277,viewsearch,claims_supervisor
RolePrivilege,0,default_data:278,viewsensdoc,claims_supervisor
RolePrivilege,0,default_data:279,viewSensMCMdetails,claims_supervisor
RolePrivilege,0,default_data:280,viewSensSIUdetails,claims_supervisor
RolePrivilege,0,default_data:281,viewsnapshot,claims_supervisor
RolePrivilege,0,default_data:282,viewsubrodetails,claims_supervisor
RolePrivilege,0,default_data:283,viewsupcalendar,claims_supervisor
RolePrivilege,0,default_data:284,viewteam,claims_supervisor
RolePrivilege,0,default_data:285,viewvacation,claims_supervisor
RolePrivilege,0,default_data:286,viewworkload,claims_supervisor
RolePrivilege,0,default_data:287,viewworkplan,claims_supervisor
RolePrivilege,0,default_data:288,abview,clerical
RolePrivilege,0,default_data:289,abviewsearch,clerical
RolePrivilege,0,default_data:290,actcreate,clerical
RolePrivilege,0,default_data:291,actown,clerical
RolePrivilege,0,default_data:292,actqueuenext,clerical
RolePrivilege,0,default_data:293,actraown,clerical
RolePrivilege,0,default_data:294,actraunown,clerical
RolePrivilege,0,default_data:295,actreviewassign,clerical
RolePrivilege,0,default_data:296,actview,clerical
RolePrivilege,0,default_data:297,assocmanage,clerical
RolePrivilege,0,default_data:298,assocview,clerical
RolePrivilege,0,default_data:299,bulkinvcreate,clerical
RolePrivilege,0,default_data:300,bulkinvdelete,clerical
RolePrivilege,0,default_data:301,bulkinvedit,clerical
RolePrivilege,0,default_data:302,bulkinvview,clerical
RolePrivilege,0,default_data:303,checktransfer,clerical
RolePrivilege,0,default_data:304,claimclose,clerical
RolePrivilege,0,default_data:305,claimcreate,clerical
RolePrivilege,0,default_data:306,claimedit,clerical
RolePrivilege,0,default_data:307,claimintegadmin,clerical
RolePrivilege,0,default_data:308,claimprint,clerical
RolePrivilege,0,default_data:309,claimprtsmanage,clerical
RolePrivilege,0,default_data:310,claimraown,clerical
RolePrivilege,0,default_data:311,claimraunown,clerical
RolePrivilege,0,default_data:312,claimreopen,clerical
RolePrivilege,0,default_data:313,claimselectplcy,clerical
RolePrivilege,0,default_data:314,claimusermanage,clerical
RolePrivilege,0,default_data:315,claimvalidate,clerical
RolePrivilege,0,default_data:316,claimview,clerical
RolePrivilege,0,default_data:317,claimviewpay,clerical
RolePrivilege,0,default_data:318,claimviewrec,clerical
RolePrivilege,0,default_data:319,claimviewrecres,clerical
RolePrivilege,0,default_data:320,claimviewres,clerical
RolePrivilege,0,default_data:321,ctccreate,clerical
RolePrivilege,0,default_data:322,ctcedit,clerical
RolePrivilege,0,default_data:323,ctcview,clerical
RolePrivilege,0,default_data:324,doccreate,clerical
RolePrivilege,0,default_data:325,docedit,clerical
RolePrivilege,0,default_data:326,docview,clerical
RolePrivilege,0,default_data:327,evalcreate,clerical
RolePrivilege,0,default_data:328,evaledit,clerical
RolePrivilege,0,default_data:329,evalview,clerical
RolePrivilege,0,default_data:330,expclose,clerical
RolePrivilege,0,default_data:331,expcreate,clerical
RolePrivilege,0,default_data:332,expedit,clerical
RolePrivilege,0,default_data:333,expraown,clerical
RolePrivilege,0,default_data:334,expraunown,clerical
RolePrivilege,0,default_data:335,expreopen,clerical
RolePrivilege,0,default_data:336,expvalidate,clerical
RolePrivilege,0,default_data:337,expview,clerical
RolePrivilege,0,default_data:338,manpaycreate,clerical
RolePrivilege,0,default_data:339,manpaydelete,clerical
RolePrivilege,0,default_data:340,manpayedit,clerical
RolePrivilege,0,default_data:341,mttrclose,clerical
RolePrivilege,0,default_data:342,mttrcreate,clerical
RolePrivilege,0,default_data:343,mttredit,clerical
RolePrivilege,0,default_data:344,mttrraown,clerical
RolePrivilege,0,default_data:345,mttrraunown,clerical
RolePrivilege,0,default_data:346,mttrreopen,clerical
RolePrivilege,0,default_data:347,mttrview,clerical
RolePrivilege,0,default_data:348,ngtncreate,clerical
RolePrivilege,0,default_data:349,ngtnedit,clerical
RolePrivilege,0,default_data:350,ngtnview,clerical
RolePrivilege,0,default_data:351,notecreate,clerical
RolePrivilege,0,default_data:352,noteedit,clerical
RolePrivilege,0,default_data:353,noteview,clerical
RolePrivilege,0,default_data:354,paycreate,clerical
RolePrivilege,0,default_data:355,paydelete,clerical
RolePrivilege,0,default_data:356,payedit,clerical
RolePrivilege,0,default_data:357,payrecode,clerical
RolePrivilege,0,default_data:358,paystop,clerical
RolePrivilege,0,default_data:359,payvoid,clerical
RolePrivilege,0,default_data:360,plcyedit,clerical
RolePrivilege,0,default_data:361,plcymakeeditable,clerical
RolePrivilege,0,default_data:362,plcyview,clerical
RolePrivilege,0,default_data:363,reccreate,clerical
RolePrivilege,0,default_data:364,recdelete,clerical
RolePrivilege,0,default_data:365,recedit,clerical
RolePrivilege,0,default_data:366,recrescreate,clerical
RolePrivilege,0,default_data:367,recresdelete,clerical
RolePrivilege,0,default_data:368,recresedit,clerical
RolePrivilege,0,default_data:369,recvoid,clerical
RolePrivilege,0,default_data:370,rescreate,clerical
RolePrivilege,0,default_data:371,resdelete,clerical
RolePrivilege,0,default_data:372,resedit,clerical
RolePrivilege,0,default_data:373,sendemail,clerical
RolePrivilege,0,default_data:374,usereditlang,clerical
RolePrivilege,0,default_data:375,verifyFNOL,clerical
RolePrivilege,0,default_data:376,viewassociations,clerical
RolePrivilege,0,default_data:377,viewclaimbasics,clerical
RolePrivilege,0,default_data:378,viewclaimevals,clerical
RolePrivilege,0,default_data:379,viewclaimngtns,clerical
RolePrivilege,0,default_data:380,viewclaimnotes,clerical
RolePrivilege,0,default_data:381,viewclaimparties,clerical
RolePrivilege,0,default_data:382,viewclaimsummary,clerical
RolePrivilege,0,default_data:383,viewclaimsync,clerical
RolePrivilege,0,default_data:384,viewdesktop,clerical
RolePrivilege,0,default_data:385,viewdocs,clerical
RolePrivilege,0,default_data:386,viewexposures,clerical
RolePrivilege,0,default_data:387,viewfinsum,clerical
RolePrivilege,0,default_data:388,viewmatters,clerical
RolePrivilege,0,default_data:389,viewpolicy,clerical
RolePrivilege,0,default_data:390,viewsearch,clerical
RolePrivilege,0,default_data:391,viewsnapshot,clerical
RolePrivilege,0,default_data:392,viewsubrodetails,clerical
RolePrivilege,0,default_data:393,viewvacation,clerical
RolePrivilege,0,default_data:394,viewworkplan,clerical
RolePrivilege,0,default_data:395,abview,customer_service_rep
RolePrivilege,0,default_data:396,abviewsearch,customer_service_rep
RolePrivilege,0,default_data:397,actcreate,customer_service_rep
RolePrivilege,0,default_data:398,actraown,customer_service_rep
RolePrivilege,0,default_data:399,actraunown,customer_service_rep
RolePrivilege,0,default_data:400,actview,customer_service_rep
RolePrivilege,0,default_data:401,assocview,customer_service_rep
RolePrivilege,0,default_data:402,bulkinvcreate,customer_service_rep
RolePrivilege,0,default_data:403,bulkinvdelete,customer_service_rep
RolePrivilege,0,default_data:404,bulkinvedit,customer_service_rep
RolePrivilege,0,default_data:405,bulkinvview,customer_service_rep
RolePrivilege,0,default_data:406,claimcreate,customer_service_rep
RolePrivilege,0,default_data:407,claimraown,customer_service_rep
RolePrivilege,0,default_data:408,claimraunown,customer_service_rep
RolePrivilege,0,default_data:409,claimview,customer_service_rep
RolePrivilege,0,default_data:410,claimviewpay,customer_service_rep
RolePrivilege,0,default_data:411,claimviewrec,customer_service_rep
RolePrivilege,0,default_data:412,claimviewrecres,customer_service_rep
RolePrivilege,0,default_data:413,claimviewres,customer_service_rep
RolePrivilege,0,default_data:414,ctccreate,customer_service_rep
RolePrivilege,0,default_data:415,ctcedit,customer_service_rep
RolePrivilege,0,default_data:416,ctcview,customer_service_rep
RolePrivilege,0,default_data:417,doccreate,customer_service_rep
RolePrivilege,0,default_data:418,docedit,customer_service_rep
RolePrivilege,0,default_data:419,docview,customer_service_rep
RolePrivilege,0,default_data:420,evalview,customer_service_rep
RolePrivilege,0,default_data:421,expcreate,customer_service_rep
RolePrivilege,0,default_data:422,expraown,customer_service_rep
RolePrivilege,0,default_data:423,expraunown,customer_service_rep
RolePrivilege,0,default_data:424,expvalidate,customer_service_rep
RolePrivilege,0,default_data:425,expview,customer_service_rep
RolePrivilege,0,default_data:426,mttrraown,customer_service_rep
RolePrivilege,0,default_data:427,mttrraunown,customer_service_rep
RolePrivilege,0,default_data:428,mttrview,customer_service_rep
RolePrivilege,0,default_data:429,ngtnview,customer_service_rep
RolePrivilege,0,default_data:430,notecreate,customer_service_rep
RolePrivilege,0,default_data:431,noteedit,customer_service_rep
RolePrivilege,0,default_data:432,noteview,customer_service_rep
RolePrivilege,0,default_data:433,sendemail,customer_service_rep
RolePrivilege,0,default_data:434,usereditlang,customer_service_rep
RolePrivilege,0,default_data:435,viewassociations,customer_service_rep
RolePrivilege,0,default_data:436,viewclaimbasics,customer_service_rep
RolePrivilege,0,default_data:437,viewclaimevals,customer_service_rep
RolePrivilege,0,default_data:438,viewclaimngtns,customer_service_rep
RolePrivilege,0,default_data:439,viewclaimnotes,customer_service_rep
RolePrivilege,0,default_data:440,viewclaimparties,customer_service_rep
RolePrivilege,0,default_data:441,viewclaimsummary,customer_service_rep
RolePrivilege,0,default_data:442,viewexposures,customer_service_rep
RolePrivilege,0,default_data:443,viewfinsum,customer_service_rep
RolePrivilege,0,default_data:444,viewmatters,customer_service_rep
RolePrivilege,0,default_data:445,viewsearch,customer_service_rep
RolePrivilege,0,default_data:446,viewsnapshot,customer_service_rep
RolePrivilege,0,default_data:447,abview,integration_admin
RolePrivilege,0,default_data:448,abviewsearch,integration_admin
RolePrivilege,0,default_data:449,actview,integration_admin
RolePrivilege,0,default_data:450,assocview,integration_admin
RolePrivilege,0,default_data:451,claimview,integration_admin
RolePrivilege,0,default_data:452,claimviewpay,integration_admin
RolePrivilege,0,default_data:453,claimviewrec,integration_admin
RolePrivilege,0,default_data:454,claimviewrecres,integration_admin
RolePrivilege,0,default_data:455,claimviewres,integration_admin
RolePrivilege,0,default_data:456,ctcview,integration_admin
RolePrivilege,0,default_data:457,docedit,integration_admin
RolePrivilege,0,default_data:458,docview,integration_admin
RolePrivilege,0,default_data:459,evalview,integration_admin
RolePrivilege,0,default_data:460,eventmessageview,integration_admin
RolePrivilege,0,default_data:461,expedit,integration_admin
RolePrivilege,0,default_data:462,expeditclsd,integration_admin
RolePrivilege,0,default_data:463,expvalidate,integration_admin
RolePrivilege,0,default_data:464,expview,integration_admin
RolePrivilege,0,default_data:465,integadmin,integration_admin
RolePrivilege,0,default_data:466,lvprint,integration_admin
RolePrivilege,0,default_data:467,mttrview,integration_admin
RolePrivilege,0,default_data:468,ngtnview,integration_admin
RolePrivilege,0,default_data:469,notedelete,integration_admin
RolePrivilege,0,default_data:470,noteeditbody,integration_admin
RolePrivilege,0,default_data:471,noteview,integration_admin
RolePrivilege,0,default_data:472,plcyview,integration_admin
RolePrivilege,0,default_data:473,resyncmessage,integration_admin
RolePrivilege,0,default_data:474,retrymessage,integration_admin
RolePrivilege,0,default_data:475,skipmessage,integration_admin
RolePrivilege,0,default_data:476,usereditlang,integration_admin
RolePrivilege,0,default_data:477,viewassociations,integration_admin
RolePrivilege,0,default_data:478,viewclaimbasics,integration_admin
RolePrivilege,0,default_data:479,viewclaimevals,integration_admin
RolePrivilege,0,default_data:480,viewclaimhistory,integration_admin
RolePrivilege,0,default_data:481,viewclaimngtns,integration_admin
RolePrivilege,0,default_data:482,viewclaimnotes,integration_admin
RolePrivilege,0,default_data:483,viewclaimparties,integration_admin
RolePrivilege,0,default_data:484,viewclaimsummary,integration_admin
RolePrivilege,0,default_data:485,viewdocs,integration_admin
RolePrivilege,0,default_data:486,viewexposures,integration_admin
RolePrivilege,0,default_data:487,viewfinsum,integration_admin
RolePrivilege,0,default_data:488,viewmatters,integration_admin
RolePrivilege,0,default_data:489,viewpolicy,integration_admin
RolePrivilege,0,default_data:490,viewsearch,integration_admin
RolePrivilege,0,default_data:491,viewsnapshot,integration_admin
RolePrivilege,0,default_data:492,viewworkplan,integration_admin
RolePrivilege,0,default_data:493,abcreate,manager
RolePrivilege,0,default_data:494,abdelete,manager
RolePrivilege,0,default_data:495,abedit,manager
RolePrivilege,0,default_data:496,abview,manager
RolePrivilege,0,default_data:497,abviewsearch,manager
RolePrivilege,0,default_data:498,actapproveany,manager
RolePrivilege,0,default_data:499,actcreate,manager
RolePrivilege,0,default_data:500,actcreateclsd,manager
RolePrivilege,0,default_data:501,acteditunowned,manager
RolePrivilege,0,default_data:502,actmakemand,manager
RolePrivilege,0,default_data:503,actown,manager
RolePrivilege,0,default_data:504,actqueuenext,manager
RolePrivilege,0,default_data:505,actqueuepick,manager
RolePrivilege,0,default_data:506,actraown,manager
RolePrivilege,0,default_data:507,actraunown,manager
RolePrivilege,0,default_data:508,actreviewassign,manager
RolePrivilege,0,default_data:509,actview,manager
RolePrivilege,0,default_data:510,actviewallqueues,manager
RolePrivilege,0,default_data:511,assocmanage,manager
RolePrivilege,0,default_data:512,assocview,manager
RolePrivilege,0,default_data:513,bulkinvcreate,manager
RolePrivilege,0,default_data:514,bulkinvdelete,manager
RolePrivilege,0,default_data:515,bulkinvedit,manager
RolePrivilege,0,default_data:516,bulkinvview,manager
RolePrivilege,0,default_data:517,checktransfer,manager
RolePrivilege,0,default_data:518,claimclose,manager
RolePrivilege,0,default_data:519,claimcreate,manager
RolePrivilege,0,default_data:520,claimedit,manager
RolePrivilege,0,default_data:521,claimeditclsd,manager
RolePrivilege,0,default_data:522,claimintegadmin,manager
RolePrivilege,0,default_data:523,claimown,manager
RolePrivilege,0,default_data:524,claimprint,manager
RolePrivilege,0,default_data:525,claimprtsmanage,manager
RolePrivilege,0,default_data:526,claimprtsmanclsd,manager
RolePrivilege,0,default_data:527,claimraown,manager
RolePrivilege,0,default_data:528,claimraunown,manager
RolePrivilege,0,default_data:529,claimremflag,manager
RolePrivilege,0,default_data:530,claimreopen,manager
RolePrivilege,0,default_data:531,claimselectplcy,manager
RolePrivilege,0,default_data:532,claimslplcyclsd,manager
RolePrivilege,0,default_data:533,claimusermanage,manager
RolePrivilege,0,default_data:534,claimusermanclsd,manager
RolePrivilege,0,default_data:535,claimvalidate,manager
RolePrivilege,0,default_data:536,claimview,manager
RolePrivilege,0,default_data:537,claimviewpay,manager
RolePrivilege,0,default_data:538,claimviewrec,manager
RolePrivilege,0,default_data:539,claimviewrecres,manager
RolePrivilege,0,default_data:540,claimviewres,manager
RolePrivilege,0,default_data:541,ctccreate,manager
RolePrivilege,0,default_data:542,ctcedit,manager
RolePrivilege,0,default_data:543,ctcview,manager
RolePrivilege,0,default_data:544,delsensdoc,manager
RolePrivilege,0,default_data:545,doccreate,manager
RolePrivilege,0,default_data:546,doccreateclsd,manager
RolePrivilege,0,default_data:547,docedit,manager
RolePrivilege,0,default_data:548,docview,manager
RolePrivilege,0,default_data:549,edbclaimact,manager
RolePrivilege,0,default_data:550,edbclaimcounts,manager
RolePrivilege,0,default_data:551,edbcurrfin,manager
RolePrivilege,0,default_data:552,edbpdfin,manager
RolePrivilege,0,default_data:553,editmednote,manager
RolePrivilege,0,default_data:554,editsensdoc,manager
RolePrivilege,0,default_data:555,editSensMCMdetails,manager
RolePrivilege,0,default_data:556,editSensSIUdetails,manager
RolePrivilege,0,default_data:557,editsubrodetails,manager
RolePrivilege,0,default_data:558,evalcreate,manager
RolePrivilege,0,default_data:559,evaledit,manager
RolePrivilege,0,default_data:560,evaleditclsd,manager
RolePrivilege,0,default_data:561,evalview,manager
RolePrivilege,0,default_data:562,expclose,manager
RolePrivilege,0,default_data:563,expcreate,manager
RolePrivilege,0,default_data:564,expedit,manager
RolePrivilege,0,default_data:565,expeditclsd,manager
RolePrivilege,0,default_data:566,expown,manager
RolePrivilege,0,default_data:567,expraown,manager
RolePrivilege,0,default_data:568,expraunown,manager
RolePrivilege,0,default_data:569,expreopen,manager
RolePrivilege,0,default_data:570,expvalidate,manager
RolePrivilege,0,default_data:571,expview,manager
RolePrivilege,0,default_data:572,lvprint,manager
RolePrivilege,0,default_data:573,manpaycreate,manager
RolePrivilege,0,default_data:574,manpaydelete,manager
RolePrivilege,0,default_data:575,manpayedit,manager
RolePrivilege,0,default_data:576,mttrclose,manager
RolePrivilege,0,default_data:577,mttrcreate,manager
RolePrivilege,0,default_data:578,mttredit,manager
RolePrivilege,0,default_data:579,mttreditclsd,manager
RolePrivilege,0,default_data:580,mttrown,manager
RolePrivilege,0,default_data:581,mttrraown,manager
RolePrivilege,0,default_data:582,mttrraunown,manager
RolePrivilege,0,default_data:583,mttrreopen,manager
RolePrivilege,0,default_data:584,mttrview,manager
RolePrivilege,0,default_data:585,ngtncreate,manager
RolePrivilege,0,default_data:586,ngtnedit,manager
RolePrivilege,0,default_data:587,ngtneditclsd,manager
RolePrivilege,0,default_data:588,ngtnview,manager
RolePrivilege,0,default_data:589,notecreate,manager
RolePrivilege,0,default_data:590,notecreateclsd,manager
RolePrivilege,0,default_data:591,notedelete,manager
RolePrivilege,0,default_data:592,noteedit,manager
RolePrivilege,0,default_data:593,noteeditbody,manager
RolePrivilege,0,default_data:594,noteview,manager
RolePrivilege,0,default_data:595,noteviewconf,manager
RolePrivilege,0,default_data:596,paycreate,manager
RolePrivilege,0,default_data:597,paydelete,manager
RolePrivilege,0,default_data:598,payedit,manager
RolePrivilege,0,default_data:599,payrecode,manager
RolePrivilege,0,default_data:600,paystop,manager
RolePrivilege,0,default_data:601,payvoid,manager
RolePrivilege,0,default_data:602,plcyedit,manager
RolePrivilege,0,default_data:603,plcymakeeditable,manager
RolePrivilege,0,default_data:604,plcyview,manager
RolePrivilege,0,default_data:605,reccreate,manager
RolePrivilege,0,default_data:606,recdelete,manager
RolePrivilege,0,default_data:607,recedit,manager
RolePrivilege,0,default_data:608,recrescreate,manager
RolePrivilege,0,default_data:609,recresdelete,manager
RolePrivilege,0,default_data:610,recresedit,manager
RolePrivilege,0,default_data:611,recvoid,manager
RolePrivilege,0,default_data:612,report_manager,manager
RolePrivilege,0,default_data:613,reporting_view,manager
RolePrivilege,0,default_data:614,rescreate,manager
RolePrivilege,0,default_data:615,resdelete,manager
RolePrivilege,0,default_data:616,resedit,manager
RolePrivilege,0,default_data:617,reviewcreate,manager
RolePrivilege,0,default_data:618,reviewdeletecompleted,manager
RolePrivilege,0,default_data:619,reviewdeleteincomplete,manager
RolePrivilege,0,default_data:620,reviewedit,manager
RolePrivilege,0,default_data:621,reviewviewdetail,manager
RolePrivilege,0,default_data:622,reviewviewlist,manager
RolePrivilege,0,default_data:623,sendemail,manager
RolePrivilege,0,default_data:624,StorageUpdate,manager
RolePrivilege,0,default_data:625,usereditlang,manager
RolePrivilege,0,default_data:626,userviewall,manager
RolePrivilege,0,default_data:627,verifyFNOL,manager
RolePrivilege,0,default_data:628,viewactcal,manager
RolePrivilege,0,default_data:629,viewassociations,manager
RolePrivilege,0,default_data:630,viewclaimbasics,manager
RolePrivilege,0,default_data:631,viewclaimevals,manager
RolePrivilege,0,default_data:632,viewclaimhistory,manager
RolePrivilege,0,default_data:633,viewclaimngtns,manager
RolePrivilege,0,default_data:634,viewclaimnotes,manager
RolePrivilege,0,default_data:635,viewclaimparties,manager
RolePrivilege,0,default_data:636,viewclaimsummary,manager
RolePrivilege,0,default_data:637,viewclaimsync,manager
RolePrivilege,0,default_data:638,viewdesktop,manager
RolePrivilege,0,default_data:639,viewdocs,manager
RolePrivilege,0,default_data:640,viewexposures,manager
RolePrivilege,0,default_data:641,viewfinsum,manager
RolePrivilege,0,default_data:642,viewmatters,manager
RolePrivilege,0,default_data:643,viewmednote,manager
RolePrivilege,0,default_data:644,viewpolicy,manager
RolePrivilege,0,default_data:645,viewsearch,manager
RolePrivilege,0,default_data:646,viewSensMCMdetails,manager
RolePrivilege,0,default_data:647,viewSensSIUdetails,manager
RolePrivilege,0,default_data:648,viewsnapshot,manager
RolePrivilege,0,default_data:649,viewsubrodetails,manager
RolePrivilege,0,default_data:650,viewteam,manager
RolePrivilege,0,default_data:651,viewvacation,manager
RolePrivilege,0,default_data:652,viewworkload,manager
RolePrivilege,0,default_data:653,viewworkplan,manager
RolePrivilege,0,default_data:654,abcreate,newloss_supervisor
RolePrivilege,0,default_data:655,abdelete,newloss_supervisor
RolePrivilege,0,default_data:656,abedit,newloss_supervisor
RolePrivilege,0,default_data:657,abview,newloss_supervisor
RolePrivilege,0,default_data:658,abviewsearch,newloss_supervisor
RolePrivilege,0,default_data:659,actcreate,newloss_supervisor
RolePrivilege,0,default_data:660,acteditunowned,newloss_supervisor
RolePrivilege,0,default_data:661,actmakemand,newloss_supervisor
RolePrivilege,0,default_data:662,actown,newloss_supervisor
RolePrivilege,0,default_data:663,actqueuenext,newloss_supervisor
RolePrivilege,0,default_data:664,actqueuepick,newloss_supervisor
RolePrivilege,0,default_data:665,actraown,newloss_supervisor
RolePrivilege,0,default_data:666,actraunown,newloss_supervisor
RolePrivilege,0,default_data:667,actreviewassign,newloss_supervisor
RolePrivilege,0,default_data:668,actview,newloss_supervisor
RolePrivilege,0,default_data:669,actviewallqueues,newloss_supervisor
RolePrivilege,0,default_data:670,assocmanage,newloss_supervisor
RolePrivilege,0,default_data:671,assocview,newloss_supervisor
RolePrivilege,0,default_data:672,bulkinvcreate,newloss_supervisor
RolePrivilege,0,default_data:673,bulkinvdelete,newloss_supervisor
RolePrivilege,0,default_data:674,bulkinvedit,newloss_supervisor
RolePrivilege,0,default_data:675,bulkinvview,newloss_supervisor
RolePrivilege,0,default_data:676,checktransfer,newloss_supervisor
RolePrivilege,0,default_data:677,claimclose,newloss_supervisor
RolePrivilege,0,default_data:678,claimcreate,newloss_supervisor
RolePrivilege,0,default_data:679,claimedit,newloss_supervisor
RolePrivilege,0,default_data:680,claimeditclsd,newloss_supervisor
RolePrivilege,0,default_data:681,claimintegadmin,newloss_supervisor
RolePrivilege,0,default_data:682,claimown,newloss_supervisor
RolePrivilege,0,default_data:683,claimprint,newloss_supervisor
RolePrivilege,0,default_data:684,claimprtsmanage,newloss_supervisor
RolePrivilege,0,default_data:685,claimprtsmanclsd,newloss_supervisor
RolePrivilege,0,default_data:686,claimraown,newloss_supervisor
RolePrivilege,0,default_data:687,claimraunown,newloss_supervisor
RolePrivilege,0,default_data:688,claimremflag,newloss_supervisor
RolePrivilege,0,default_data:689,claimreopen,newloss_supervisor
RolePrivilege,0,default_data:690,claimselectplcy,newloss_supervisor
RolePrivilege,0,default_data:691,claimslplcyclsd,newloss_supervisor
RolePrivilege,0,default_data:692,claimusermanage,newloss_supervisor
RolePrivilege,0,default_data:693,claimusermanclsd,newloss_supervisor
RolePrivilege,0,default_data:694,claimvalidate,newloss_supervisor
RolePrivilege,0,default_data:695,claimview,newloss_supervisor
RolePrivilege,0,default_data:696,claimviewpay,newloss_supervisor
RolePrivilege,0,default_data:697,claimviewrec,newloss_supervisor
RolePrivilege,0,default_data:698,claimviewrecres,newloss_supervisor
RolePrivilege,0,default_data:699,claimviewres,newloss_supervisor
RolePrivilege,0,default_data:700,ctccreate,newloss_supervisor
RolePrivilege,0,default_data:701,ctcedit,newloss_supervisor
RolePrivilege,0,default_data:702,ctcview,newloss_supervisor
RolePrivilege,0,default_data:703,delsensdoc,newloss_supervisor
RolePrivilege,0,default_data:704,doccreate,newloss_supervisor
RolePrivilege,0,default_data:705,doccreateclsd,newloss_supervisor
RolePrivilege,0,default_data:706,docedit,newloss_supervisor
RolePrivilege,0,default_data:707,docview,newloss_supervisor
RolePrivilege,0,default_data:708,editsensdoc,newloss_supervisor
RolePrivilege,0,default_data:709,editSensMCMdetails,newloss_supervisor
RolePrivilege,0,default_data:710,editSensSIUdetails,newloss_supervisor
RolePrivilege,0,default_data:711,editsubrodetails,newloss_supervisor
RolePrivilege,0,default_data:712,evalcreate,newloss_supervisor
RolePrivilege,0,default_data:713,evaledit,newloss_supervisor
RolePrivilege,0,default_data:714,evaleditclsd,newloss_supervisor
RolePrivilege,0,default_data:715,evalview,newloss_supervisor
RolePrivilege,0,default_data:716,expclose,newloss_supervisor
RolePrivilege,0,default_data:717,expcreate,newloss_supervisor
RolePrivilege,0,default_data:718,expedit,newloss_supervisor
RolePrivilege,0,default_data:719,expeditclsd,newloss_supervisor
RolePrivilege,0,default_data:720,expown,newloss_supervisor
RolePrivilege,0,default_data:721,expraown,newloss_supervisor
RolePrivilege,0,default_data:722,expraunown,newloss_supervisor
RolePrivilege,0,default_data:723,expreopen,newloss_supervisor
RolePrivilege,0,default_data:724,expvalidate,newloss_supervisor
RolePrivilege,0,default_data:725,expview,newloss_supervisor
RolePrivilege,0,default_data:726,lvprint,newloss_supervisor
RolePrivilege,0,default_data:727,manpaycreate,newloss_supervisor
RolePrivilege,0,default_data:728,manpaydelete,newloss_supervisor
RolePrivilege,0,default_data:729,manpayedit,newloss_supervisor
RolePrivilege,0,default_data:730,mttrclose,newloss_supervisor
RolePrivilege,0,default_data:731,mttrcreate,newloss_supervisor
RolePrivilege,0,default_data:732,mttredit,newloss_supervisor
RolePrivilege,0,default_data:733,mttreditclsd,newloss_supervisor
RolePrivilege,0,default_data:734,mttrown,newloss_supervisor
RolePrivilege,0,default_data:735,mttrraown,newloss_supervisor
RolePrivilege,0,default_data:736,mttrraunown,newloss_supervisor
RolePrivilege,0,default_data:737,mttrreopen,newloss_supervisor
RolePrivilege,0,default_data:738,mttrview,newloss_supervisor
RolePrivilege,0,default_data:739,ngtncreate,newloss_supervisor
RolePrivilege,0,default_data:740,ngtnedit,newloss_supervisor
RolePrivilege,0,default_data:741,ngtneditclsd,newloss_supervisor
RolePrivilege,0,default_data:742,ngtnview,newloss_supervisor
RolePrivilege,0,default_data:743,notecreate,newloss_supervisor
RolePrivilege,0,default_data:744,notecreateclsd,newloss_supervisor
RolePrivilege,0,default_data:745,notedelete,newloss_supervisor
RolePrivilege,0,default_data:746,noteedit,newloss_supervisor
RolePrivilege,0,default_data:747,noteeditbody,newloss_supervisor
RolePrivilege,0,default_data:748,noteview,newloss_supervisor
RolePrivilege,0,default_data:749,noteviewconf,newloss_supervisor
RolePrivilege,0,default_data:750,paycreate,newloss_supervisor
RolePrivilege,0,default_data:751,paydelete,newloss_supervisor
RolePrivilege,0,default_data:752,payedit,newloss_supervisor
RolePrivilege,0,default_data:753,payrecode,newloss_supervisor
RolePrivilege,0,default_data:754,paystop,newloss_supervisor
RolePrivilege,0,default_data:755,payvoid,newloss_supervisor
RolePrivilege,0,default_data:756,plcyedit,newloss_supervisor
RolePrivilege,0,default_data:757,plcymakeeditable,newloss_supervisor
RolePrivilege,0,default_data:758,plcyview,newloss_supervisor
RolePrivilege,0,default_data:759,reccreate,newloss_supervisor
RolePrivilege,0,default_data:760,recdelete,newloss_supervisor
RolePrivilege,0,default_data:761,recedit,newloss_supervisor
RolePrivilege,0,default_data:762,recrescreate,newloss_supervisor
RolePrivilege,0,default_data:763,recresdelete,newloss_supervisor
RolePrivilege,0,default_data:764,recresedit,newloss_supervisor
RolePrivilege,0,default_data:765,recvoid,newloss_supervisor
RolePrivilege,0,default_data:766,rescreate,newloss_supervisor
RolePrivilege,0,default_data:767,resdelete,newloss_supervisor
RolePrivilege,0,default_data:768,resedit,newloss_supervisor
RolePrivilege,0,default_data:769,sendemail,newloss_supervisor
RolePrivilege,0,default_data:770,StorageUpdate,newloss_supervisor
RolePrivilege,0,default_data:771,usereditlang,newloss_supervisor
RolePrivilege,0,default_data:772,userviewall,newloss_supervisor
RolePrivilege,0,default_data:773,verifyFNOL,newloss_supervisor
RolePrivilege,0,default_data:774,viewassociations,newloss_supervisor
RolePrivilege,0,default_data:775,viewclaimbasics,newloss_supervisor
RolePrivilege,0,default_data:776,viewclaimevals,newloss_supervisor
RolePrivilege,0,default_data:777,viewclaimhistory,newloss_supervisor
RolePrivilege,0,default_data:778,viewclaimngtns,newloss_supervisor
RolePrivilege,0,default_data:779,viewclaimnotes,newloss_supervisor
RolePrivilege,0,default_data:780,viewclaimparties,newloss_supervisor
RolePrivilege,0,default_data:781,viewclaimsummary,newloss_supervisor
RolePrivilege,0,default_data:782,viewclaimsync,newloss_supervisor
RolePrivilege,0,default_data:783,viewdesktop,newloss_supervisor
RolePrivilege,0,default_data:784,viewdocs,newloss_supervisor
RolePrivilege,0,default_data:785,viewexposures,newloss_supervisor
RolePrivilege,0,default_data:786,viewfinsum,newloss_supervisor
RolePrivilege,0,default_data:787,viewmatters,newloss_supervisor
RolePrivilege,0,default_data:788,viewpolicy,newloss_supervisor
RolePrivilege,0,default_data:789,viewsearch,newloss_supervisor
RolePrivilege,0,default_data:790,viewsensdoc,newloss_supervisor
RolePrivilege,0,default_data:791,viewSensMCMdetails,newloss_supervisor
RolePrivilege,0,default_data:792,viewSensSIUdetails,newloss_supervisor
RolePrivilege,0,default_data:793,viewsnapshot,newloss_supervisor
RolePrivilege,0,default_data:794,viewsubrodetails,newloss_supervisor
RolePrivilege,0,default_data:795,viewteam,newloss_supervisor
RolePrivilege,0,default_data:796,viewvacation,newloss_supervisor
RolePrivilege,0,default_data:797,viewworkplan,newloss_supervisor
RolePrivilege,0,default_data:798,abcreate,pref_vendor_admin
RolePrivilege,0,default_data:799,abcreatepref,pref_vendor_admin
RolePrivilege,0,default_data:800,abdelete,pref_vendor_admin
RolePrivilege,0,default_data:801,abdeletepref,pref_vendor_admin
RolePrivilege,0,default_data:802,abedit,pref_vendor_admin
RolePrivilege,0,default_data:803,abeditpref,pref_vendor_admin
RolePrivilege,0,default_data:804,abview,pref_vendor_admin
RolePrivilege,0,default_data:805,abviewsearch,pref_vendor_admin
RolePrivilege,0,default_data:806,ctccreate,pref_vendor_admin
RolePrivilege,0,default_data:807,ctcedit,pref_vendor_admin
RolePrivilege,0,default_data:808,ctcview,pref_vendor_admin
RolePrivilege,0,default_data:809,reviewcreate,pref_vendor_admin
RolePrivilege,0,default_data:810,reviewdeletecompleted,pref_vendor_admin
RolePrivilege,0,default_data:811,reviewdeleteincomplete,pref_vendor_admin
RolePrivilege,0,default_data:812,reviewedit,pref_vendor_admin
RolePrivilege,0,default_data:813,reviewviewdetail,pref_vendor_admin
RolePrivilege,0,default_data:814,reviewviewlist,pref_vendor_admin
RolePrivilege,0,default_data:815,usereditlang,pref_vendor_admin
RolePrivilege,0,default_data:816,report_manager,reporting_admin
RolePrivilege,0,default_data:817,reporting_admin,reporting_admin
RolePrivilege,0,default_data:818,reporting_view,reporting_admin
RolePrivilege,0,default_data:819,viewadmin,reporting_admin
RolePrivilege,0,default_data:820,ruleadmin,rule_admin
RolePrivilege,0,default_data:821,soapadmin,rule_admin
RolePrivilege,0,default_data:822,usereditlang,rule_admin
RolePrivilege,0,default_data:823,ownsensclaim,sensitive_claims
RolePrivilege,0,default_data:824,ownsensclaimsub,sensitive_claims
RolePrivilege,0,default_data:825,usereditlang,sensitive_claims
RolePrivilege,0,default_data:826,abcreate,superuser
RolePrivilege,0,default_data:827,abcreatepref,superuser
RolePrivilege,0,default_data:828,abdelete,superuser
RolePrivilege,0,default_data:829,abdeletepref,superuser
RolePrivilege,0,default_data:830,abedit,superuser
RolePrivilege,0,default_data:831,abeditpref,superuser
RolePrivilege,0,default_data:832,abview,superuser
RolePrivilege,0,default_data:833,abviewsearch,superuser
RolePrivilege,0,default_data:834,actapproveany,superuser
RolePrivilege,0,default_data:835,actcreate,superuser
RolePrivilege,0,default_data:836,actcreateclsd,superuser
RolePrivilege,0,default_data:837,acteditunowned,superuser
RolePrivilege,0,default_data:838,actmakemand,superuser
RolePrivilege,0,default_data:839,actown,superuser
RolePrivilege,0,default_data:840,actpatcreate,superuser
RolePrivilege,0,default_data:841,actpatdelete,superuser
RolePrivilege,0,default_data:842,actpatedit,superuser
RolePrivilege,0,default_data:843,actpatview,superuser
RolePrivilege,0,default_data:844,actqueuenext,superuser
RolePrivilege,0,default_data:845,actqueuepick,superuser
RolePrivilege,0,default_data:846,actraown,superuser
RolePrivilege,0,default_data:847,actraunown,superuser
RolePrivilege,0,default_data:848,actreviewassign,superuser
RolePrivilege,0,default_data:849,actview,superuser
RolePrivilege,0,default_data:850,actviewallqueues,superuser
RolePrivilege,0,default_data:851,alpmanage,superuser
RolePrivilege,0,default_data:852,alpview,superuser
RolePrivilege,0,default_data:853,archive,superuser
RolePrivilege,0,default_data:854,assocmanage,superuser
RolePrivilege,0,default_data:855,assocview,superuser
RolePrivilege,0,default_data:856,attrmanage,superuser
RolePrivilege,0,default_data:857,attrview,superuser
RolePrivilege,0,default_data:858,bulkinvcreate,superuser
RolePrivilege,0,default_data:859,bulkinvdelete,superuser
RolePrivilege,0,default_data:860,bulkinvedit,superuser
RolePrivilege,0,default_data:861,bulkinvview,superuser
RolePrivilege,0,default_data:862,catmanage,superuser
RolePrivilege,0,default_data:863,catview,superuser
RolePrivilege,0,default_data:864,checktransfer,superuser
RolePrivilege,0,default_data:865,claimclose,superuser
RolePrivilege,0,default_data:866,claimcreate,superuser
RolePrivilege,0,default_data:867,claimedit,superuser
RolePrivilege,0,default_data:868,claimeditclsd,superuser
RolePrivilege,0,default_data:869,claimintegadmin,superuser
RolePrivilege,0,default_data:870,claimown,superuser
RolePrivilege,0,default_data:871,claimprint,superuser
RolePrivilege,0,default_data:872,claimprtsmanage,superuser
RolePrivilege,0,default_data:873,claimprtsmanclsd,superuser
RolePrivilege,0,default_data:874,claimraown,superuser
RolePrivilege,0,default_data:875,claimraunown,superuser
RolePrivilege,0,default_data:876,claimremflag,superuser
RolePrivilege,0,default_data:877,claimreopen,superuser
RolePrivilege,0,default_data:878,claimselectplcy,superuser
RolePrivilege,0,default_data:879,claimslplcyclsd,superuser
RolePrivilege,0,default_data:880,claimusermanage,superuser
RolePrivilege,0,default_data:881,claimusermanclsd,superuser
RolePrivilege,0,default_data:882,claimvalidate,superuser
RolePrivilege,0,default_data:883,claimview,superuser
RolePrivilege,0,default_data:884,claimviewpay,superuser
RolePrivilege,0,default_data:885,claimviewrec,superuser
RolePrivilege,0,default_data:886,claimviewrecres,superuser
RolePrivilege,0,default_data:887,claimviewres,superuser
RolePrivilege,0,default_data:888,clearedpayvoid,superuser
RolePrivilege,0,default_data:889,covverifymanage,superuser
RolePrivilege,0,default_data:890,covverifyview,superuser
RolePrivilege,0,default_data:891,ctccreate,superuser
RolePrivilege,0,default_data:892,ctcedit,superuser
RolePrivilege,0,default_data:893,ctcview,superuser
RolePrivilege,0,default_data:894,delprivnote,superuser
RolePrivilege,0,default_data:895,debugtools,superuser
RolePrivilege,0,default_data:896,delmednote,superuser
RolePrivilege,0,default_data:897,delsensdoc,superuser
RolePrivilege,0,default_data:898,delsensnote,superuser
RolePrivilege,0,default_data:899,doccreate,superuser
RolePrivilege,0,default_data:900,doccreateclsd,superuser
RolePrivilege,0,default_data:901,docdelete,superuser
RolePrivilege,0,default_data:902,docdeleteclsd,superuser
RolePrivilege,0,default_data:903,docedit,superuser
RolePrivilege,0,default_data:904,docmodifyall,superuser
RolePrivilege,0,default_data:905,docview,superuser
RolePrivilege,0,default_data:906,docviewall,superuser
RolePrivilege,0,default_data:907,edbclaimact,superuser
RolePrivilege,0,default_data:908,edbclaimcounts,superuser
RolePrivilege,0,default_data:909,edbcurrfin,superuser
RolePrivilege,0,default_data:910,edbpdfin,superuser
RolePrivilege,0,default_data:911,editmednote,superuser
RolePrivilege,0,default_data:912,editprivnote,superuser
RolePrivilege,0,default_data:913,editsensdoc,superuser
RolePrivilege,0,default_data:914,editsensnote,superuser
RolePrivilege,0,default_data:915,editSensMCMdetails,superuser
RolePrivilege,0,default_data:916,editSensSIUdetails,superuser
RolePrivilege,0,default_data:917,editsubrodetails,superuser
RolePrivilege,0,default_data:918,evalcreate,superuser
RolePrivilege,0,default_data:919,evaledit,superuser
RolePrivilege,0,default_data:920,evaleditclsd,superuser
RolePrivilege,0,default_data:921,evalview,superuser
RolePrivilege,0,default_data:922,eventmessageview,superuser
RolePrivilege,0,default_data:923,expclose,superuser
RolePrivilege,0,default_data:924,expcreate,superuser
RolePrivilege,0,default_data:925,expedit,superuser
RolePrivilege,0,default_data:926,expeditclsd,superuser
RolePrivilege,0,default_data:927,expown,superuser
RolePrivilege,0,default_data:928,expraown,superuser
RolePrivilege,0,default_data:929,expraunown,superuser
RolePrivilege,0,default_data:930,expreopen,superuser
RolePrivilege,0,default_data:931,expvalidate,superuser
RolePrivilege,0,default_data:932,expview,superuser
RolePrivilege,0,default_data:933,groupcreate,superuser
RolePrivilege,0,default_data:934,groupdelete,superuser
RolePrivilege,0,default_data:935,groupedit,superuser
RolePrivilege,0,default_data:936,grouptreeview,superuser
RolePrivilege,0,default_data:937,groupview,superuser
RolePrivilege,0,default_data:938,holidaymanage,superuser
RolePrivilege,0,default_data:939,holidayview,superuser
RolePrivilege,0,default_data:940,ignoreacl,superuser
RolePrivilege,0,default_data:941,integadmin,superuser
RolePrivilege,0,default_data:942,internaltools,superuser
RolePrivilege,0,default_data:943,lvprint,superuser
RolePrivilege,0,default_data:944,manageldfctrs,superuser
RolePrivilege,0,default_data:945,manpaycreate,superuser
RolePrivilege,0,default_data:946,manpaydelete,superuser
RolePrivilege,0,default_data:947,manpayedit,superuser
RolePrivilege,0,default_data:948,mttrclose,superuser
RolePrivilege,0,default_data:949,mttrcreate,superuser
RolePrivilege,0,default_data:950,mttredit,superuser
RolePrivilege,0,default_data:951,mttreditclsd,superuser
RolePrivilege,0,default_data:952,mttrown,superuser
RolePrivilege,0,default_data:953,mttrraown,superuser
RolePrivilege,0,default_data:954,mttrraunown,superuser
RolePrivilege,0,default_data:955,mttrreopen,superuser
RolePrivilege,0,default_data:956,mttrview,superuser
RolePrivilege,0,default_data:957,ngtncreate,superuser
RolePrivilege,0,default_data:958,ngtnedit,superuser
RolePrivilege,0,default_data:959,ngtneditclsd,superuser
RolePrivilege,0,default_data:960,ngtnview,superuser
RolePrivilege,0,default_data:961,notecreate,superuser
RolePrivilege,0,default_data:962,notecreateclsd,superuser
RolePrivilege,0,default_data:963,notedelete,superuser
RolePrivilege,0,default_data:964,noteedit,superuser
RolePrivilege,0,default_data:965,noteeditbody,superuser
RolePrivilege,0,default_data:966,noteview,superuser
RolePrivilege,0,default_data:967,noteviewconf,superuser
RolePrivilege,0,default_data:968,ownsensclaim,superuser
RolePrivilege,0,default_data:969,ownsensclaimsub,superuser
RolePrivilege,0,default_data:970,paycreate,superuser
RolePrivilege,0,default_data:971,paydelete,superuser
RolePrivilege,0,default_data:972,payedit,superuser
RolePrivilege,0,default_data:973,payrecode,superuser
RolePrivilege,0,default_data:974,paystop,superuser
RolePrivilege,0,default_data:975,payvoid,superuser
RolePrivilege,0,default_data:976,plcyedit,superuser
RolePrivilege,0,default_data:977,plcymakeeditable,superuser
RolePrivilege,0,default_data:978,plcyview,superuser
RolePrivilege,0,default_data:979,purge,superuser
RolePrivilege,0,default_data:980,reccreate,superuser
RolePrivilege,0,default_data:981,recdelete,superuser
RolePrivilege,0,default_data:982,recedit,superuser
RolePrivilege,0,default_data:983,recrescreate,superuser
RolePrivilege,0,default_data:984,recresdelete,superuser
RolePrivilege,0,default_data:985,recresedit,superuser
RolePrivilege,0,default_data:986,recvoid,superuser
RolePrivilege,0,default_data:987,regionmanage,superuser
RolePrivilege,0,default_data:988,regionview,superuser
RolePrivilege,0,default_data:989,report_manager,superuser
RolePrivilege,0,default_data:990,report_user,superuser
RolePrivilege,0,default_data:991,reporting_admin,superuser
RolePrivilege,0,default_data:992,reporting_view,superuser
RolePrivilege,0,default_data:993,rescreate,superuser
RolePrivilege,0,default_data:994,resdelete,superuser
RolePrivilege,0,default_data:995,resedit,superuser
RolePrivilege,0,default_data:996,resyncmessage,superuser
RolePrivilege,0,default_data:997,retrymessage,superuser
RolePrivilege,0,default_data:998,reviewcreate,superuser
RolePrivilege,0,default_data:999,reviewdeletecompleted,superuser
RolePrivilege,0,default_data:1000,reviewdeleteincomplete,superuser
RolePrivilege,0,default_data:1001,reviewedit,superuser
RolePrivilege,0,default_data:1002,reviewviewdetail,superuser
RolePrivilege,0,default_data:1003,reviewviewlist,superuser
RolePrivilege,0,default_data:1004,rolemanage,superuser
RolePrivilege,0,default_data:1005,roleview,superuser
RolePrivilege,0,default_data:1006,ruleadmin,superuser
RolePrivilege,0,default_data:1007,scrprmmanage,superuser
RolePrivilege,0,default_data:1008,scrprmview,superuser
RolePrivilege,0,default_data:1009,seczonemanage,superuser
RolePrivilege,0,default_data:1010,sendemail,superuser
RolePrivilege,0,default_data:1011,skipmessage,superuser
RolePrivilege,0,default_data:1012,soapadmin,superuser
RolePrivilege,0,default_data:1013,StorageUpdate,superuser
RolePrivilege,0,default_data:1014,usercreate,superuser
RolePrivilege,0,default_data:1015,userdelete,superuser
RolePrivilege,0,default_data:1016,useredit,superuser
RolePrivilege,0,default_data:1017,usereditattrs,superuser
RolePrivilege,0,default_data:1018,usereditlang,superuser
RolePrivilege,0,default_data:1019,usergrantauth,superuser
RolePrivilege,0,default_data:1020,usergrantroles,superuser
RolePrivilege,0,default_data:1021,userview,superuser
RolePrivilege,0,default_data:1022,userviewall,superuser
RolePrivilege,0,default_data:1023,verifyFNOL,superuser
RolePrivilege,0,default_data:1024,viewactcal,superuser
RolePrivilege,0,default_data:1025,viewadmin,superuser
RolePrivilege,0,default_data:1026,viewassociations,superuser
RolePrivilege,0,default_data:1027,viewclaimbasics,superuser
RolePrivilege,0,default_data:1028,viewclaimevals,superuser
RolePrivilege,0,default_data:1029,viewclaimhistory,superuser
RolePrivilege,0,default_data:1030,viewclaimngtns,superuser
RolePrivilege,0,default_data:1031,viewclaimnotes,superuser
RolePrivilege,0,default_data:1032,viewclaimparties,superuser
RolePrivilege,0,default_data:1033,viewclaimsummary,superuser
RolePrivilege,0,default_data:1034,viewclaimsync,superuser
RolePrivilege,0,default_data:1035,viewdesktop,superuser
RolePrivilege,0,default_data:1036,viewdocs,superuser
RolePrivilege,0,default_data:1037,viewexposures,superuser
RolePrivilege,0,default_data:1038,viewfinsum,superuser
RolePrivilege,0,default_data:1039,viewmatters,superuser
RolePrivilege,0,default_data:1040,viewpolicy,superuser
RolePrivilege,0,default_data:1041,viewmednote,superuser
RolePrivilege,0,default_data:1042,viewprivnote,superuser
RolePrivilege,0,default_data:1043,viewsearch,superuser
RolePrivilege,0,default_data:1044,viewsensdoc,superuser
RolePrivilege,0,default_data:1045,viewsensnote,superuser
RolePrivilege,0,default_data:1046,viewSensMCMdetails,superuser
RolePrivilege,0,default_data:1047,viewSensSIUdetails,superuser
RolePrivilege,0,default_data:1048,viewsnapshot,superuser
RolePrivilege,0,default_data:1049,viewsubrodetails,superuser
RolePrivilege,0,default_data:1050,viewsupcalendar,superuser
RolePrivilege,0,default_data:1051,viewteam,superuser
RolePrivilege,0,default_data:1052,viewvacation,superuser
RolePrivilege,0,default_data:1053,viewworkload,superuser
RolePrivilege,0,default_data:1054,viewworkplan,superuser
RolePrivilege,0,default_data:1055,wcrefmanage,superuser
RolePrivilege,0,default_data:1056,wcrefview,superuser
RolePrivilege,0,default_data:1057,workflowview,superuser
RolePrivilege,0,default_data:1058,workflowmanage,superuser
RolePrivilege,0,default_data:1059,actpatcreate,user_admin
RolePrivilege,0,default_data:1060,actpatdelete,user_admin
RolePrivilege,0,default_data:1061,actpatedit,user_admin
RolePrivilege,0,default_data:1062,actpatview,user_admin
RolePrivilege,0,default_data:1063,actraown,user_admin
RolePrivilege,0,default_data:1064,actraunown,user_admin
RolePrivilege,0,default_data:1065,alpmanage,user_admin
RolePrivilege,0,default_data:1066,alpview,user_admin
RolePrivilege,0,default_data:1067,attrmanage,user_admin
RolePrivilege,0,default_data:1068,attrview,user_admin
RolePrivilege,0,default_data:1069,claimraown,user_admin
RolePrivilege,0,default_data:1070,claimraunown,user_admin
RolePrivilege,0,default_data:1071,clearedpayvoid,user_admin
RolePrivilege,0,default_data:1072,covverifymanage,user_admin
RolePrivilege,0,default_data:1073,covverifyview,user_admin
RolePrivilege,0,default_data:1074,debugtools,user_admin
RolePrivilege,0,default_data:1075,expraown,user_admin
RolePrivilege,0,default_data:1076,expraunown,user_admin
RolePrivilege,0,default_data:1077,groupcreate,user_admin
RolePrivilege,0,default_data:1078,groupdelete,user_admin
RolePrivilege,0,default_data:1079,groupedit,user_admin
RolePrivilege,0,default_data:1080,grouptreeview,user_admin
RolePrivilege,0,default_data:1081,groupview,user_admin
RolePrivilege,0,default_data:1082,holidaymanage,user_admin
RolePrivilege,0,default_data:1083,holidayview,user_admin
RolePrivilege,0,default_data:1084,manageldfctrs,user_admin
RolePrivilege,0,default_data:1085,mttrraown,user_admin
RolePrivilege,0,default_data:1086,mttrraunown,user_admin
RolePrivilege,0,default_data:1087,regionmanage,user_admin
RolePrivilege,0,default_data:1088,regionview,user_admin
RolePrivilege,0,default_data:1089,rolemanage,user_admin
RolePrivilege,0,default_data:1090,roleview,user_admin
RolePrivilege,0,default_data:1091,scrprmmanage,user_admin
RolePrivilege,0,default_data:1092,scrprmview,user_admin
RolePrivilege,0,default_data:1093,seczonemanage,user_admin
RolePrivilege,0,default_data:1094,soapadmin,user_admin
RolePrivilege,0,default_data:1095,usercreate,user_admin
RolePrivilege,0,default_data:1096,userdelete,user_admin
RolePrivilege,0,default_data:1097,useredit,user_admin
RolePrivilege,0,default_data:1098,usereditattrs,user_admin
RolePrivilege,0,default_data:1099,usereditlang,user_admin
RolePrivilege,0,default_data:1100,usergrantauth,user_admin
RolePrivilege,0,default_data:1101,usergrantroles,user_admin
RolePrivilege,0,default_data:1102,userview,user_admin
RolePrivilege,0,default_data:1103,viewadmin,user_admin
RolePrivilege,0,default_data:1104,wcrefmanage,user_admin
RolePrivilege,0,default_data:1105,wcrefview,user_admin
RolePrivilege,0,default_data:1106,abview,viewer
RolePrivilege,0,default_data:1107,abviewsearch,viewer
RolePrivilege,0,default_data:1108,actview,viewer
RolePrivilege,0,default_data:1109,assocview,viewer
RolePrivilege,0,default_data:1110,claimview,viewer
RolePrivilege,0,default_data:1111,claimviewpay,viewer
RolePrivilege,0,default_data:1112,claimviewrec,viewer
RolePrivilege,0,default_data:1113,claimviewrecres,viewer
RolePrivilege,0,default_data:1114,claimviewres,viewer
RolePrivilege,0,default_data:1115,ctcview,viewer
RolePrivilege,0,default_data:1116,docview,viewer
RolePrivilege,0,default_data:1117,evalview,viewer
RolePrivilege,0,default_data:1118,expvalidate,viewer
RolePrivilege,0,default_data:1119,expview,viewer
RolePrivilege,0,default_data:1120,mttrview,viewer
RolePrivilege,0,default_data:1121,ngtnview,viewer
RolePrivilege,0,default_data:1122,reviewviewdetail,viewer
RolePrivilege,0,default_data:1123,reviewviewlist,viewer
RolePrivilege,0,default_data:1124,usereditlang,viewer
RolePrivilege,0,default_data:1125,viewassociations,viewer
RolePrivilege,0,default_data:1126,viewclaimbasics,viewer
RolePrivilege,0,default_data:1127,viewclaimevals,viewer
RolePrivilege,0,default_data:1128,viewclaimngtns,viewer
RolePrivilege,0,default_data:1129,viewclaimnotes,viewer
RolePrivilege,0,default_data:1130,viewclaimparties,viewer
RolePrivilege,0,default_data:1131,viewclaimsummary,viewer
RolePrivilege,0,default_data:1132,viewexposures,viewer
RolePrivilege,0,default_data:1133,viewfinsum,viewer
RolePrivilege,0,default_data:1134,viewmatters,viewer
RolePrivilege,0,default_data:1135,viewsearch,viewer
RolePrivilege,0,default_data:1136,viewsnapshot,viewer
RolePrivilege,0,default_data:1137,viewsubrodetails,viewer
RolePrivilege,0,default_data:1138,exchratemanual ,adjuster
RolePrivilege,0,default_data:1139,exchratemanual ,claims_supervisor
RolePrivilege,0,default_data:1140,exchratemanual ,clerical
RolePrivilege,0,default_data:1141,exchratemanual ,manager
RolePrivilege,0,default_data:1142,exchratemanual ,newloss_supervisor
RolePrivilege,0,default_data:1143,exchratemanual ,superuser
RolePrivilege,0,default_data:1144,reinsuranceedit,adjuster
RolePrivilege,0,default_data:1145,reinsuranceedit,superuser
RolePrivilege,0,default_data:1146,abedit,reinsurance_manager
RolePrivilege,0,default_data:1147,abview,reinsurance_manager
RolePrivilege,0,default_data:1148,abviewsearch,reinsurance_manager
RolePrivilege,0,default_data:1149,actcreate,reinsurance_manager
RolePrivilege,0,default_data:1150,actcreateclsd,reinsurance_manager
RolePrivilege,0,default_data:1151,actown,reinsurance_manager
RolePrivilege,0,default_data:1152,actqueuenext,reinsurance_manager
RolePrivilege,0,default_data:1153,actraown,reinsurance_manager
RolePrivilege,0,default_data:1154,actraunown,reinsurance_manager
RolePrivilege,0,default_data:1155,actview,reinsurance_manager
RolePrivilege,0,default_data:1156,assocmanage,reinsurance_manager
RolePrivilege,0,default_data:1157,assocview,reinsurance_manager
RolePrivilege,0,default_data:1158,claimclose,reinsurance_manager
RolePrivilege,0,default_data:1159,claimedit,reinsurance_manager
RolePrivilege,0,default_data:1160,claimown,reinsurance_manager
RolePrivilege,0,default_data:1161,claimprint,reinsurance_manager
RolePrivilege,0,default_data:1162,claimprtsmanage,reinsurance_manager
RolePrivilege,0,default_data:1163,claimraown,reinsurance_manager
RolePrivilege,0,default_data:1164,claimreopen,reinsurance_manager
RolePrivilege,0,default_data:1165,claimselectplcy,reinsurance_manager
RolePrivilege,0,default_data:1166,claimusermanage,reinsurance_manager
RolePrivilege,0,default_data:1167,claimvalidate,reinsurance_manager
RolePrivilege,0,default_data:1168,claimview,reinsurance_manager
RolePrivilege,0,default_data:1169,claimviewpay,reinsurance_manager
RolePrivilege,0,default_data:1170,claimviewrec,reinsurance_manager
RolePrivilege,0,default_data:1171,claimviewrecres,reinsurance_manager
RolePrivilege,0,default_data:1172,claimviewres,reinsurance_manager
RolePrivilege,0,default_data:1173,ctccreate,reinsurance_manager
RolePrivilege,0,default_data:1174,ctcedit,reinsurance_manager
RolePrivilege,0,default_data:1175,ctcview,reinsurance_manager
RolePrivilege,0,default_data:1176,doccreate,reinsurance_manager
RolePrivilege,0,default_data:1177,doccreateclsd,reinsurance_manager
RolePrivilege,0,default_data:1178,docedit,reinsurance_manager
RolePrivilege,0,default_data:1179,docview,reinsurance_manager
RolePrivilege,0,default_data:1180,evalcreate,reinsurance_manager
RolePrivilege,0,default_data:1181,evaledit,reinsurance_manager
RolePrivilege,0,default_data:1182,evalview,reinsurance_manager
RolePrivilege,0,default_data:1183,expcreate,reinsurance_manager
RolePrivilege,0,default_data:1184,expedit,reinsurance_manager
RolePrivilege,0,default_data:1185,expown,reinsurance_manager
RolePrivilege,0,default_data:1186,expraown,reinsurance_manager
RolePrivilege,0,default_data:1187,expraunown,reinsurance_manager
RolePrivilege,0,default_data:1188,expreopen,reinsurance_manager
RolePrivilege,0,default_data:1189,expvalidate,reinsurance_manager
RolePrivilege,0,default_data:1190,expview,reinsurance_manager
RolePrivilege,0,default_data:1191,lvprint,reinsurance_manager
RolePrivilege,0,default_data:1192,mttrclose,reinsurance_manager
RolePrivilege,0,default_data:1193,mttrcreate,reinsurance_manager
RolePrivilege,0,default_data:1194,mttredit,reinsurance_manager
RolePrivilege,0,default_data:1195,mttrown,reinsurance_manager
RolePrivilege,0,default_data:1196,mttrraown,reinsurance_manager
RolePrivilege,0,default_data:1197,mttrraunown,reinsurance_manager
RolePrivilege,0,default_data:1198,mttrreopen,reinsurance_manager
RolePrivilege,0,default_data:1199,mttrview,reinsurance_manager
RolePrivilege,0,default_data:1200,notecreate,reinsurance_manager
RolePrivilege,0,default_data:1201,notecreateclsd,reinsurance_manager
RolePrivilege,0,default_data:1202,noteedit,reinsurance_manager
RolePrivilege,0,default_data:1203,noteview,reinsurance_manager
RolePrivilege,0,default_data:1204,noteviewconf,reinsurance_manager
RolePrivilege,0,default_data:1205,plcyedit,reinsurance_manager
RolePrivilege,0,default_data:1206,plcymakeeditable,reinsurance_manager
RolePrivilege,0,default_data:1207,plcyview,reinsurance_manager
RolePrivilege,0,default_data:1208,reinsuranceedit,reinsurance_manager
RolePrivilege,0,default_data:1209,sendemail,reinsurance_manager
RolePrivilege,0,default_data:1210,usereditlang,reinsurance_manager
RolePrivilege,0,default_data:1211,userviewall,reinsurance_manager
RolePrivilege,0,default_data:1212,viewactcal,reinsurance_manager
RolePrivilege,0,default_data:1213,viewassociations,reinsurance_manager
RolePrivilege,0,default_data:1214,viewclaimbasics,reinsurance_manager
RolePrivilege,0,default_data:1215,viewclaimevals,reinsurance_manager
RolePrivilege,0,default_data:1216,viewclaimhistory,reinsurance_manager
RolePrivilege,0,default_data:1217,viewclaimngtns,reinsurance_manager
RolePrivilege,0,default_data:1218,viewclaimnotes,reinsurance_manager
RolePrivilege,0,default_data:1219,viewclaimparties,reinsurance_manager
RolePrivilege,0,default_data:1220,viewclaimsummary,reinsurance_manager
RolePrivilege,0,default_data:1221,viewclaimsync,reinsurance_manager
RolePrivilege,0,default_data:1222,viewdesktop,reinsurance_manager
RolePrivilege,0,default_data:1223,viewdocs,reinsurance_manager
RolePrivilege,0,default_data:1224,viewexposures,reinsurance_manager
RolePrivilege,0,default_data:1225,viewfinsum,reinsurance_manager
RolePrivilege,0,default_data:1226,viewmatters,reinsurance_manager
RolePrivilege,0,default_data:1227,viewpolicy,reinsurance_manager
RolePrivilege,0,default_data:1228,viewsearch,reinsurance_manager
RolePrivilege,0,default_data:1229,viewSensMCMdetails,reinsurance_manager
RolePrivilege,0,default_data:1230,viewsnapshot,reinsurance_manager
RolePrivilege,0,default_data:1231,viewsubrodetails,reinsurance_manager
RolePrivilege,0,default_data:1232,viewvacation,reinsurance_manager
RolePrivilege,0,default_data:1233,viewworkload,reinsurance_manager
RolePrivilege,0,default_data:1234,viewworkplan,reinsurance_manager
RolePrivilege,0,default_data:1235,editdeductible,adjuster
RolePrivilege,0,default_data:1236,editdeductible,claims_supervisor
RolePrivilege,0,default_data:1237,editdeductible,manager
RolePrivilege,0,default_data:1238,editdeductible,newloss_supervisor
RolePrivilege,0,default_data:1239,editdeductible,superuser
RolePrivilege,0,default_data:1240,reinsthresholdedit,superuser
RolePrivilege,0,default_data:1241,reinsthresholdedit,reinsurance_manager
RolePrivilege,0,default_data:1242,viewadmin,reinsurance_manager
RolePrivilege,0,default_data:1243,reinsthresholdview,superuser
RolePrivilege,0,default_data:1244,reinsthresholdview,reinsurance_manager
RolePrivilege,0,default_data:1245,toolsbatchprocessedit,superuser
RolePrivilege,0,default_data:1246,toolsbatchprocessview,superuser
RolePrivilege,0,default_data:1247,toolsclusteredit,superuser
RolePrivilege,0,default_data:1248,toolsclusterview,superuser
RolePrivilege,0,default_data:1249,toolsinfoview,superuser
RolePrivilege,0,default_data:1250,toolsJMXBeansview,superuser
RolePrivilege,0,default_data:1251,toolsjprofileredit,superuser
RolePrivilege,0,default_data:1252,toolslogedit,superuser
RolePrivilege,0,default_data:1253,toolslogview,superuser
RolePrivilege,0,default_data:1254,toolsPluginedit,superuser
RolePrivilege,0,default_data:1255,toolsPluginview,superuser
RolePrivilege,0,default_data:1256,toolsprofileredit,superuser
RolePrivilege,0,default_data:1257,toolsprofilerview,superuser
RolePrivilege,0,default_data:1258,toolsworkqueueedit,superuser
RolePrivilege,0,default_data:1259,toolsworkqueueview,superuser
RolePrivilege,0,default_data:1260,toolsbatchprocessview,toolview
RolePrivilege,0,default_data:1261,toolsclusterview,toolview
RolePrivilege,0,default_data:1262,toolsinfoview,toolview
RolePrivilege,0,default_data:1263,toolsJMXBeansview,toolview
RolePrivilege,0,default_data:1264,toolslogview,toolview
RolePrivilege,0,default_data:1265,toolsPluginview,toolview
RolePrivilege,0,default_data:1266,toolsprofilerview,toolview
RolePrivilege,0,default_data:1267,buswkmanage,superuser
RolePrivilege,0,default_data:1268,buswkview,superuser
RolePrivilege,0,default_data:1269,zonemanage,superuser
RolePrivilege,0,default_data:1270,zoneview,superuser
RolePrivilege,0,default_data:1271,orgcreate,superuser
RolePrivilege,0,default_data:1272,orgdelete,superuser
RolePrivilege,0,default_data:1273,orgeditbasic,superuser
RolePrivilege,0,default_data:1274,orgsearch,superuser
RolePrivilege,0,default_data:1275,orgviewbasic,superuser
RolePrivilege,0,default_data:1276,viewrefdata,superuser
RolePrivilege,0,default_data:1277,editrefdata,superuser
RolePrivilege,0,default_data:1278,viewpolicysystem,adjuster
RolePrivilege,0,default_data:1279,viewpolicysystem,claims_supervisor
RolePrivilege,0,default_data:1280,viewpolicysystem,manager
RolePrivilege,0,default_data:1281,viewpolicysystem,newloss_supervisor
RolePrivilege,0,default_data:1282,viewpolicysystem,superuser
RolePrivilege,0,default_data:1283,actview,underwriter
RolePrivilege,0,default_data:1284,assocview,underwriter
RolePrivilege,0,default_data:1285,claimprint,underwriter
RolePrivilege,0,default_data:1286,claimview,underwriter
RolePrivilege,0,default_data:1287,claimviewpay,underwriter
RolePrivilege,0,default_data:1288,claimviewrec,underwriter
RolePrivilege,0,default_data:1289,claimviewrecres,underwriter
RolePrivilege,0,default_data:1290,claimviewres,underwriter
RolePrivilege,0,default_data:1291,ctcview,underwriter
RolePrivilege,0,default_data:1292,docview,underwriter
RolePrivilege,0,default_data:1293,evalview,underwriter
RolePrivilege,0,default_data:1294,expview,underwriter
RolePrivilege,0,default_data:1295,lvprint,underwriter
RolePrivilege,0,default_data:1296,mttrview,underwriter
RolePrivilege,0,default_data:1297,ngtnview,underwriter
RolePrivilege,0,default_data:1298,noteview,underwriter
RolePrivilege,0,default_data:1299,plcyview,underwriter
RolePrivilege,0,default_data:1300,reviewviewdetail,underwriter
RolePrivilege,0,default_data:1301,reviewviewlist,underwriter
RolePrivilege,0,default_data:1302,viewassociations,underwriter
RolePrivilege,0,default_data:1303,viewclaimbasics,underwriter
RolePrivilege,0,default_data:1304,viewclaimevals,underwriter
RolePrivilege,0,default_data:1305,viewclaimngtns,underwriter
RolePrivilege,0,default_data:1306,viewclaimnotes,underwriter
RolePrivilege,0,default_data:1307,viewclaimparties,underwriter
RolePrivilege,0,default_data:1308,viewclaimsummary,underwriter
RolePrivilege,0,default_data:1309,viewdocs,underwriter
RolePrivilege,0,default_data:1310,viewexposures,underwriter
RolePrivilege,0,default_data:1311,viewfinsum,underwriter
RolePrivilege,0,default_data:1312,viewmatters,underwriter
RolePrivilege,0,default_data:1313,viewpolicy,underwriter
RolePrivilege,0,default_data:1314,viewsearch,underwriter
RolePrivilege,0,default_data:1315,viewsnapshot,underwriter
RolePrivilege,0,default_data:1316,viewsubrodetails,underwriter
RolePrivilege,0,default_data:1317,viewworkplan,underwriter
RolePrivilege,0,default_data:1318,reporting_view,adjuster
RolePrivilege,0,default_data:1319,toolsJMXBeansEdit,superuser
RolePrivilege,0,default_data:1320,metriclimitmanage,superuser
RolePrivilege,0,default_data:1321,toolsCacheinfoview,superuser
